symbol,name,address,poolId,creator,sold_pct,trades,buys,sells,volume_eth,backing_imd,burned_imd,creator_fees_eth,created_at,last_trade_at
IMD,Identity MD,0x84b8ae41596cdf8bb7dfeb4eda432a8d816f0724,0xd382f475ea84ddc780d296282ce24d8014f9ea7c6c919cdb756187486c79e7a7,0x8fc8bc6c861b17f3162e9d74e4cb383c6d6c34d2,20.83,2229,1332,897,224.8968,1762.02,1481.2830,1.1272,1787105099,1789336031
BALLOON,Coin,0xa2cc24e803d5c20671441f396b4e5574161c75bf,0xa010a499d3785c86dc02d3a397f4e61acda0e5a2f997fc134fd7180b3fe7d810,0xbdce0d96f3dcdce9ff12d6ee9b14189528d61b1a,42.20,1460,817,643,170.4934,4888.28,1116.7551,0.8545,1787106803,1789417931
DAOs,Decentralized Agentic Organizations,0x51032a2695a0bfd559d7bd29e29c7ae8b6fc6f31,0x54e7dedeb1ea8fe358359ccb5dd4fef826e770631c5b578bc1f6b66a8718f1ce,0x3e360ce4af5adecb0102638dd47d525d0bdcb2be,5.29,180,100,80,24.6100,374.23,144.6867,0.1233,1787106815,1788795227
ICE,Initial Compute Event,0x64914921e03069da66823f84ffcfb9931f05281a,0x95b939e5e18eab06f8a05ac5cfe131fd463702d1d0f75d9695735e9f36235098,0xec7806ef702122b611180d49e2a6787d88c5b866,35.09,215,131,84,19.9387,3620.53,159.0161,0.0999,1787176775,1789336019
FREN PET,Fren Pet,0x54db8310f3f9aedd0f9916cb4f06ea8b2e6d03fc,0x09eb2e4f34f8eb8bf3e9e6394eb32d310fe86ae8aedf810eb6026e701733a5e1,0x0c8acf06e7a60c88c9ef680bd9f886ed55acac3f,7.23,311,131,180,17.3341,521.52,115.7426,0.0869,1787105507,1789334279
imd_bot,imd_bot,0x91f354caa62c68d5d108a166f39e2e30ea68246b,0xa821d746ea65e7fddf78d45c9350dd6cf5821ea67f31cd01c4b5635e9ce12197,0x39e7c7c94fa8a57fb7c5780a8436a4956d65bd48,0.10,120,60,60,17.1872,6.96,80.2812,0.0861,1789070219,1789238591
AllStarToken,CryptoAllStars,0x34236e432baf659507ea52176e41854e524a9814,0x685cc32346bd7e6ae4eb03cdede72be957ca8598169af767adab6c7143b1084f,0xf9631c2e2b19b7795bf3e145580e54b1c65e2e98,7.89,261,159,102,16.9890,573.92,59.0584,0.0851,1788493751,1789365959
HAIR,pamp.hair,0x884628b8c9780436b217c87f9e33e208cabfe3ec,0xdf462403e446bd9537370364d25fcadf08d63c15a74dc1a790489f53a3872171,0x5b95a971b4583a5f011e9da082acdd679b870d06,3.09,106,62,44,15.3024,213.81,60.4876,0.0767,1788871811,1789070567
YEET,YEET,0xa742b032768a1a1542596fd6c0a3fb7b2e7a9f34,0xcbb397864ba46d77f822756a1b4ad0dfeeda90cb102486be5f253ef589daeed5,0xb3623d62ff30fadb5b2e127c07cab0d1b0808276,6.20,99,58,41,13.2744,442.76,56.6059,0.0665,1789315943,1789316291
WOOF,Woofy,0xb797833ec6ad04b3a4be494d62b080697c3720ad,0x3b6edd9cd456cd46b00e39b41ddd83ed0837de952debb285bc95ebb91c737ed3,0xe4ce59bceef41d0025e3e0063b2cee0c080d2a5e,4.73,223,106,117,12.0838,332.08,89.5144,0.0606,1787116139,1789336547
PEPESWARM,Swarm of Interconnected Pepes,0xe2cb65e4d8a0c7505cb474579861385bf13ef3e3,0x272103b0f03bf51812c45f16d62bcf6e651660da28309d62ecc77537ee0d6919,0x8e1f7a6315ab27b351055823a30168524b8c0f31,17.36,147,96,51,11.1715,1406.11,74.0930,0.0560,1787111231,1788740615
COMMUNITY,Coin,0x75b34671e4e0597d1c816d0bfe9c69eaf743f35b,0xcdaf113c14ac35491accf41561b29b689704e90d92555afc7716723bf61be435,0xbdce0d96f3dcdce9ff12d6ee9b14189528d61b1a,10.31,77,43,34,6.3455,769.30,40.8107,0.0318,1787107151,1788105455
FWAI,Frog with AI,0xf71349a0ea4411a3e7f58491c99ceae5d5cd88a4,0x9d818469d9dcb0565dd88ae47872f19b12d767428f822bdbdb0b117257ab1167,0x7b35d14ae5b51f94fca46e626b0fb7eaf5693739,14.70,35,27,8,5.2337,1154.25,22.5329,0.0262,1788384899,1788756347
tamagotchi,tamagotchi ,0x49f49e58f5a0a657117b60f2ff85478f5acae65b,0x2020090e72a0ed69cff13c9c48b5b5b0b41a6ecd41cb86c32b75b2e4e4cc24da,0xe28601398a5448d1147e6e8b0e0c6d686f0d216d,5.35,57,36,21,4.5536,378.64,28.6742,0.0228,1787107319,1788323147
HOOKUP,HOOKUP,0xd192391eb0d1905cb1bbb13d48106ad314d34904,0x6b24b921afc06f382221f79ddf97f31e35b9e38084a3109029f89a53eb454e71,0x7a28dbb2e71b4eb7ed47dcfaa0b689fc6c3283ae,4.38,59,41,18,4.2389,306.97,15.4730,0.0212,1788461603,1789028723
COIN,Coin,0xe5b7e188da9d208f320bbd383988e12d4d1d3059,0x11ac41e638ba3184c7c9791d9b89d510facae87a0a4a4c92d538d8dc495d8d4b,0xb385b807fc9a1e158d70c998dc804a785a996258,0.06,20,12,8,3.6973,4.11,23.0240,0.0185,1787106899,1787714207
VIBE,VibeCoins,0x95b8804146a9428369544e3393871d8a7546097c,0x01edf1129594f902c92bd8fad0a24fa184b3791624a905969738ac3551bff54b,0x7f77f1fa835e8c163efe34d320e82e30310b3c45,0.17,28,15,13,2.8687,11.41,19.9791,0.0144,1787108987,1789228571
DBT,Dont Buy This,0x922f76637010f62f7f18c49c53faebde431ab310,0xc2e3ca969467f1c6fce2255173e06dd75976dab4d0bedbc378828ff1975577f1,0x433c8a73bec1273561e4e2201649de12f20b7d58,0.18,19,10,9,2.5257,12.30,17.2169,0.0127,1787110163,1787110463
ERC-6909,ERC-6909,0xc74584c621cd27f13a6c2961d8a4cdde9e7ab9dc,0xbd7c731eb4c8ecaa118f08d731943f3ed95a623337c90e32b7e918561f49c88b,0x3723003027a85f979bf2e2155db3e9751608bd7a,0.23,8,5,3,2.2390,15.49,14.9331,0.0112,1787108387,1787154971
CHADAM,Chad Adam,0xa7ddd89362ba53e485c60584108162c6fc0fd4df,0x4516570dc708c53156c4f1f87074028b63460518fb326c9f212fcec1d341c319,0x3939d22af089bdfbb96322744234f69db1ab52f8,5.26,114,64,50,2.1699,372.12,15.9147,0.0109,1787124875,1787820251
PON,Proof of Nothing,0xce9d4a3486f4f89302161254a01a6bb10a3ec513,0x439340d81c95903444880ad6a8ab25d7112adfb5a5605cf4b3c7e5060a392da8,0xe0e4cba1f6d9aeffe30189c124f39fd3d131093d,0.00,6,3,3,2.1427,0.00,14.9411,0.0107,1787109011,1787110415
PEPEAI,Pepe armed with AI,0x419ed98fc9ac4399a2943c9cac4803132f1b23f0,0x02265dc0d7ad3aa673bcdafd745e7f2897a2fa7093aa7a6a168dae5ad08dabb5,0xb22c43de834598ec7eff4b354960352028c214af,9.79,40,32,8,2.1108,726.35,7.6570,0.0106,1787114651,1788581843
Peep,Peepeth,0x2e266b88f4e637ff201625be370f1a8aa784101a,0x5365d98064ae0f7b3f6dbc47a9767cd8f4918e1c37e812943185f074782eb131,0x7f77f1fa835e8c163efe34d320e82e30310b3c45,0.00,20,11,9,1.9711,0.00,13.8362,0.0099,1787110967,1787149463
SURF,Surfcoin,0xf0c46694b39edc50335f7382ba115e04db0d3bb7,0xe34d3650bc940a55c85e349b9018afdcb3e9fd7adc76b1f27fca98599ddca677,0xc0bc7bbc9afa9b0577d10bd3eb636c8d3ab841d3,0.34,26,16,10,1.9474,22.73,13.7856,0.0098,1787114999,1788473939
Imagine,Imagine,0x3b4f7708d4e1201d60ae232cd62e9f812befce1d,0x5ef1f436655210f818e11c90e195a347f86dfbffaa0082722c11489847493d96,0x67ed35ed9d3bbb0b82596f4e0e07499a87aac518,0.00,8,4,4,1.6483,0.00,5.6644,0.0083,1788498923,1788499019
GCPU,Genesis CPU,0x6d92c5938a1f8ca73f15662dd3c7096eb19efc35,0x72230b8e73f1809da6c24d0c3f7c67582041e7c926556bab51bbb20561af88ed,0x28a0b8ca715ecb95fc7589544e0679593c33e8e4,0.00,18,10,8,1.5027,0.17,14.5857,0.0075,1787192603,1787193071
SFH,SO F'ING HYPED,0x8d30add67601532686fa011e85ac0d5995cf6937,0x6b725100a26175698948f63070c063e30bbd69c5023fcdd73c4cc9aebd891142,0x03a5086b1265f441e7c805097ab7a1fe782b3e94,0.05,9,5,4,1.2395,3.68,5.5098,0.0062,1788397799,1788398111
IMD,Identity MD,0x102bd1d587e672983bffb09ef95d69216ca98a76,0x1987f16d0c5e3fa3766df55daa68935c47c1c131855c03c90a57eb26939bb86e,0x0c8acf06e7a60c88c9ef680bd9f886ed55acac3f,0.15,35,19,16,1.2090,10.36,7.9522,0.0061,1787105879,1787490107
AMC,Autonomous meme company,0xb48ae14529adf3f7737111969313602b6dfa48d7,0x2d726ede0e72fe4f516fa9e529f3148d1eea38ab8c10a8d9e57cd6e8e26dbc96,0x03a5086b1265f441e7c805097ab7a1fe782b3e94,0.24,3,2,1,1.0049,15.91,4.6973,0.0050,1788380027,1788380519
AIMD,Awesome IMD,0x2b9fd0b178dac0e23487afcb023db68c5b130af4,0x057cdc60ba3fa212513c434baed94271a52065a63f2ab08f608fe2a73bf976fe,0x347ffc6db9acc54ac2019795173b9599e8b82bd9,0.00,16,9,7,0.9744,0.00,4.4959,0.0049,1789268087,1789295255
COIN,Coin,0xf0b473285c4c02ddcf8db8da138de90b940572e8,0x496d36fae693f48030f3ab451d9db26a67bab0d687f9d82d682beff3811be555,0x8d834919956af4f696f729bdcaba61c9f16529f5,0.00,2,1,1,0.9696,0.00,9.6607,0.0049,1787202191,1787202239
ANSEMNIA,Ansemnia by imd,0x7101c4393f729c3240248c5906a2cbc131815294,0xdee3c99da44fa6158a44af12c4c523ad22af74354bf340881c925d7099de514d,0x6788848c29827649d76980fbd28aaa04ae17739e,0.00,6,3,3,0.9568,0.00,7.2401,0.0048,1787116439,1787177027
FFB,FredFredBurger,0xd21a53fd83fabe73dd5f4ac1b0852a89bc78ed9f,0xc6b11ed3c65882789020feeae0aa07053c5f8feebdad20b5d5dc2183d416ee9b,0x18a2eac0226c97bfa6f8e8cd5a3bf467a83e340f,0.48,4,3,1,0.9094,32.24,6.7641,0.0046,1787113811,1787177099
TIDE,TIDE,0x2206ae6ec87eccf97c907f2dfe9b38c585e5be6f,0x5594c4ac20bc5ae6f9bd683d1876798172eac90d8d7673fc31b2ab48bfbfc241,0x365f6bc10224ab1dd38fde4a8ef15c0ac66070ea,0.09,4,3,1,0.8411,5.76,5.5881,0.0042,1787112959,1787114999
HELIUM,Coin,0xc96a1a44b9c03367f94cb102b36cc6e57449c68e,0x4d480f8a83a0adfbecabdf496d94b590d80ce20559795cb2b95c01aaf81d975e,0xbdce0d96f3dcdce9ff12d6ee9b14189528d61b1a,8.85,5,3,2,0.6662,650.50,4.5838,0.0033,1787106923,1787487839
OTL,One Token Launchpad,0x684c0f16bfcb9d88274abc728923ecfec8d10f97,0x52bddd49551f9538865f1bd48da49c81025f541016fc50e556cc5aaa67d3ac8a,0x9ec47661d8b3544ace1a087d7798b63074d9354d,0.00,4,2,2,0.6409,0.00,4.3706,0.0032,1787109635,1787117087
$BLD,$BUILDER COIN,0x61cef4f8ab5dc658189e95f1570031d3b50b09a6,0x2a930840876e0d1872171b0edb8bd08fdf49a36cdc6b0cbb81fc0250f0a7cecc,0x5051ae5167b315b37de54bbfafd772db81043b9c,5.36,22,19,3,0.6328,379.21,2.7432,0.0032,1788591779,1789368419
IMD,Infinite Money Dog,0x61dc4f9217468cf334e31a6b9008ac67900748a1,0x05cca8faa146d7afdbc56cdbe5efba21150b1ed07cfbac410c0805a67731ea36,0xeca81ab86e36e789cad83ae6cd8fe7fc811bdc5e,5.40,9,6,3,0.6047,382.49,4.8029,0.0030,1787116655,1789313159
Plumber,Plumber,0xb1d3ca5dab6017fa78531364806b01af2595fa2f,0x0358f2c0f125b9324183ee1eacb540908124ee957755ded4a6f6db0dab87d6f1,0xe0e4cba1f6d9aeffe30189c124f39fd3d131093d,1.09,12,7,5,0.5450,74.08,3.5930,0.0027,1787108135,1787112467
ADAM,Agent Decentralized Asset Management,0x9e01ab04044119c78524ffa486124a9142a790e3,0x526e7d02650d722e28c1c23dbef4488dc8fb45108cb112e2210fa1da7dda0a56,0x9ec47661d8b3544ace1a087d7798b63074d9354d,1.31,9,5,4,0.5299,88.63,3.7739,0.0027,1787110235,1787187431
DAO,Decentralized Agentic Organizations ,0x6081cc62ce68647f2c0c52c4cee3eee0eb2d68fa,0xbe1f32e83cfa6d6855c43c6f415b356fff3f1206d199fad3a130f9b422c2417a,0xb22c43de834598ec7eff4b354960352028c214af,0.00,2,1,1,0.4882,0.00,3.1588,0.0024,1787114519,1787114675
NWO,New World Order,0xdb4a37625b2d14c2f6dc100ee893ed6f6b06ccae,0x301e206a46be4c4da78dd1ed94a6733b74c210ec4203105a67cb7fbf403d8dda,0x6f96854fdf49c8879c12d9c81ec2753c646dc308,0.09,5,3,2,0.4177,6.18,2.7869,0.0021,1787117435,1787120819
COIN,Coin,0x8f96c0596486cf9b7ef29ac44ec01bfc92e55527,0xbc7854c267cc27044b6488fac61342f14474ab986e4665aa8736e9424989b32b,0xe28601398a5448d1147e6e8b0e0c6d686f0d216d,0.00,6,3,3,0.4082,0.00,2.8219,0.0020,1787107175,1787195879
COIN,bili,0x841890e52cc0a4f4c9b2ef7b270d0871af96060c,0xb56d6576b99a5d7006ed6e4231c9081ecec67267f3eeb09326c1c41f989c2f75,0xaa32a5d727be4b5118c38e7a058b3d847e5461e2,0.00,2,1,1,0.3992,0.00,2.7244,0.0020,1787110391,1787110991
NPO,New Pepe Order,0x817f07623a0f11d4a7d5af95417e20a53893e7a9,0x2b7d10f51f838222c173d6c1addd73a1b4fa7d022953267da435b6679779c01b,0x5b95a971b4583a5f011e9da082acdd679b870d06,0.00,5,3,2,0.3572,0.00,1.8217,0.0018,1787117783,1788501887
👑,👑,0xd92c230d8ac4b1eaa058b32c1ad1e4e1340f5dea,0x75790114620143511134c844d1821266b1d452e437fb446d00fa21d737055cab,0x70ab92f4dbff5270830e61bf8358a64614a01817,0.00,4,2,2,0.2992,0.00,2.0571,0.0015,1787109527,1787131055
PWA,Pepes With Ai,0x838ac4cdf146de8eed27a994587bdfdbec0aea6b,0xf09024a236553234188343afc7bf5e27bce512649afecb122fff76de945ea9f9,0x5b95a971b4583a5f011e9da082acdd679b870d06,0.52,3,2,1,0.2962,34.84,1.4974,0.0015,1787119523,1788595679
coinmunity,communitycoins,0x585d3cf299af446332a934aa0d8032ee428d7cf6,0x5e1d02739a4a673018f16e297e43f81d43f238f05d9ed697ba4b2d2f44912d04,0xf10fc94e0710d19e434f0f809f4e6b0f413852c3,0.12,5,3,2,0.2679,8.00,1.8407,0.0013,1787107403,1787195891
Astra,Another Silly Token Reaching ATH,0x7ce69a5fbbcec002b13fbde2915776b7b021d45f,0x1c309991d5c2d4b0ba21863f3227f27d4b99b5c6239773a8febca26b5629112b,0x5b95a971b4583a5f011e9da082acdd679b870d06,0.00,2,1,1,0.2053,0.00,0.8801,0.0010,1788595715,1788631067
PWAI,PEPEWIFAI,0x008c76d4808126fe01d6eabc074cf1ae71721aff,0x8268e43833fd7417b4a4d671a400d17895482fb68ac690f843cee10052027f19,0x11ae429b414424f21d713b004dcffdce494fd868,3.17,5,5,0,0.2000,219.06,1.1008,0.0010,1787116595,1788410759
test,test,0x7dfd8a537616214d5f7498a1fea43973d1fb3041,0x2997757258146f514a8a4cd9395a41a303cdba800733eeb8fe3e43f8aa75a4e2,0xe4ce59bceef41d0025e3e0063b2cee0c080d2a5e,0.00,2,1,1,0.1931,0.00,1.2709,0.0010,1787115695,1787115767
COINS,COINS,0x14941a2a2dd879c8beb9a96dc28603eb5fdad780,0x2f6dcd8399ea14c70c3f5c381e8650ca27df243e57b2577b64b55eb82d8af218,0xda5964ee61e9a764b3e5e25059f8275ae8c2d492,0.00,4,2,2,0.1895,0.00,1.2847,0.0009,1787108747,1787109287
surf,surf,0x98431515ccf8ba06704739bec386cb9507bb0cde,0xc568612d7034072667a931ef45248116f060822c67ae1f193b110f9dc868cde5,0x1064bc5406bc61951cb62829e71eb966a012799e,0.00,6,3,3,0.1674,0.00,1.0408,0.0008,1787108411,1787116991
DOGE,DOGECOIN,0xb77660b07d4ca78332083b7f098004f32b4d6f52,0x9dae9b7aec5510e0b03ba9a8a2893f0c65a8e4e3f314c3058a8767c5af508ae1,0x5c1b2bf3e255850d061a1e379f525fffcfa615c7,1.96,1,1,0,0.1000,133.88,0.6728,0.0005,1787121863,1787121923
HEH,Hahahahahahaha,0xb28d661b147d4fb89ca4af206c04aa06f19697a8,0x5e8aa4351161bf382384524fdd9cda954ba5ebb655d1681b4ce146fd1d5d7708,0x7954bac04795c6890a2cc6b051539bd2aa225d16,1.80,1,1,0,0.1000,122.59,0.6160,0.0005,1787108675,1787108723
🐸,🐸,0x46ec1e860bb81cd834262681305974ef71c99292,0x4a777de0c955ca63e3f8054ce27bf1a403f06731c62d2e38a2778814dfad6189,0x5b95a971b4583a5f011e9da082acdd679b870d06,0.00,4,2,2,0.0991,0.00,0.4850,0.0005,1787121395,1788463163
PB,PEPE BOND,0x5f0e4d47ac236e4fd91c888f1caca298724bdd55,0xb0b848b11a20bdf48afc8b35087de0f3820c9d54a63098fa514f92488b68d96f,0x5b95a971b4583a5f011e9da082acdd679b870d06,0.00,2,1,1,0.0859,0.00,0.3260,0.0004,1788463115,1788697319
README,README.md,0x6185d815c0e0728c0712209a1f8a89f76c5033e8,0x170eb30233d41e348a9317d83b696e06ba0a033e157cc0026f4fbbd34d615de6,0xc0596f75016ee2a9c569814d1542d9db859922e7,0.15,20,16,4,0.0723,9.91,0.5648,0.0004,1787112803,1787901899
OHMv3,Olympus v3,0x5f96fec298c634bc9ad98c47864993ff8e202ae4,0xd71b37f097c6757ee8f30a26d6a0587b37543b461c681964630c32b61a61bc62,0x7496871b01e401ed68a64bd303bb4381f2f96f1f,0.00,5,4,1,0.0675,0.00,0.3183,0.0003,1788687395,1788716603
ABUNDY,abundance,0x7ef785d1ac5fea08ebd84cccbfca0228634c4b94,0x982898ece3d0776e7b3e92770605692eaaca81ed10035db09c522245a16b72e0,0x57d992c7627374ed24da657fece7b4570cdc47a8,0.08,3,2,1,0.0508,5.63,0.3972,0.0003,1787122715,1787169215
FUN,IMD.fun,0x574813058baf3757f3f7bf326475e5cd9a835a32,0xe08ee76f72172a03823ff41401ea03bcaf7fd1d0b638e2720ea9d388a590cbc9,0xa51222bd49d7cc391f7409bc7a1b0c6143936ac6,0.00,2,1,1,0.0463,0.00,0.3212,0.0002,1787108795,1787109479
IMDCAT,IMDCAT,0x3bc750d89d4395d398fad9278da62aed3fb7fbdc,0x42e841d5f0730d5c5e63a2330cc522632a79bbed3a62410f2067a971ae13e64e,0xaf959f71fa42b4f6cccbdf1e348be857eacfb71b,0.00,4,3,1,0.0432,0.00,0.2946,0.0002,1787115611,1787116631
DOWNDOG,Downward Doggy,0x4fb3e9b69ef797b83905cfd7b393fdd82f7cd21b,0xe05a03fbf6941031438ee01b414d6af06be7b21f34e8a13eb5b313af1f61aaa8,0xe3e968eb40e9643a7b4292783c5ca8402b2461e6,0.28,2,2,0,0.0299,19.09,0.0959,0.0001,1788466919,1788467303
PoC,Proof of Community,0x72908e365367f7f5210751049baf29d7e88d99b1,0xc0854f19fca6c95b6e55046525ff0cea71fe4ebe844a0c1da21e7e863fdcd5d8,0xe0e4cba1f6d9aeffe30189c124f39fd3d131093d,0.41,1,1,0,0.0200,27.58,0.1386,0.0001,1787109143,1787109167
OBSCURA,OBSCURA,0x0a60588b312d3be5c27fbc25bd5098c0d0487fd5,0x6f0c6038a0b9bac2971c8a3108e8123c6e93ace4eb3490c36bff6205c61cf38a,0x5ef32057952fc30f97bd4443b45a8add795efa9a,0.00,10,5,5,0.0191,0.00,0.1216,0.0001,1787115479,1787115647
MEMEL,memelauncher,0x2c0349fd4ce76796f5b4d0bbf4fc495b400549b6,0xd48c66ee2a4a8a16334995e5a835fa05ae901618b75b732a745786286163aede,0xfbb4dbf497d1adb40724ce29dc6f3bd81168e407,0.00,2,1,1,0.0189,0.00,0.1310,0.0001,1787120783,1787132327
HVH,HyperVolatileHook,0xdcb370694f7782c0286f2b0af76fc981927f7ef8,0x317fa630f910cee7d2b5e658009e566d6073b39591c0214253fc988bb7b8eee0,0x03a5086b1265f441e7c805097ab7a1fe782b3e94,0.21,2,2,0,0.0169,14.11,0.0709,0.0001,1788399419,1788402995
STRONG,community is strong,0xaf7b738878bbc23a20961846f54a1325bb5974d4,0x334e90aa75a0c77d0442441bcc612fb9a1642317e4808e75be078cd5b5f95b18,0xef1d8890ccc65124b281420763899626f108f9e8,0.00,2,1,1,0.0163,0.00,0.1333,0.0001,1787125223,1787576639
FREN,FREN🐰,0xdb5f54d11e4ab3f2ce46216ba1197d00d9f9005c,0xd9a8efa37743553d3e73559db84667531913487aae84518858b3370550f11863,0xf34dfca07b2f259f5b6fce0ee089e3e91ba2e668,0.00,2,1,1,0.0111,0.00,0.0933,0.0001,1787129783,1787310695
ADAM,ADAM,0xe3d000b201a3020db781b497b63303c10cce6c0e,0x65f540caf3fd75dd6af74bcd5137162b2cb12973bfab23642e8da90d1dc96341,0x8bc43a1810a178fb28e91bca06d437c74df33250,0.00,2,1,1,0.0111,0.00,0.0933,0.0001,1787139155,1787310671
POOL4,POOL4,0x492a03726a40611151d83753923fed56f8eb12ef,0x0fa4f15baea9baa2d2ca0a18c2de7d20bb78f7ae1d0825859607091ac311b917,0x03a5086b1265f441e7c805097ab7a1fe782b3e94,0.13,1,1,0,0.0100,8.45,0.0425,0.0001,1788380495,1788382523
ADAM,Two Adams are saving Ethereum,0x4daac97a5ca9f0695268d0d6354821e32e7873c3,0xd2f15b478a1a16227a61a7f3f381d9d129ce2c8c07bcf4d7e54ee28ef029467d,0x7e9c20b12f6de234d7f1244a8d9a5b5d6cae9eb3,0.24,1,1,0,0.0100,16.03,0.0806,0.0001,1787148539,1787148587
TIDE,Rising Tide,0x84116a4fe3ec7c6e363de76fd044f4d21596f305,0xe8957822ec0077bca0d5ee5ec9b3e9a987824db8ce550d7eff77005bbecd50b0,0xe003eefc93af2ee46eff1364f66cfda69112df9d,0.19,1,1,0,0.0100,12.47,0.0627,0.0001,1787114567,1787114759
/,/,0x2087f7e6c9384c2f7d73d8f00624652f007c5c4d,0x801647c934a91b8b1fccb8d2c137289a42c19b937b5c573d22416261d0643b2b,0x70ab92f4dbff5270830e61bf8358a64614a01817,0.18,1,1,0,0.0100,12.35,0.0621,0.0001,1787108603,1787108663
IMDUS,IMD-US Mascot,0x7e310fab007d96d95b8aed09caf986b29c814a59,0x9f9c2d93fca62b19b612d8c6204d40f6433fe17aed21f61811a565ffaf53ed75,0xda5964ee61e9a764b3e5e25059f8275ae8c2d492,0.00,2,1,1,0.0097,0.00,0.0662,0.0000,1787109923,1787110103
VANGUARD,Boomer Fund,0xe56b29e2bb32fd036f3e08bf6ee2a874b4713248,0xc2c88562e14b76eb00cd5b32248f6cf6a6704bd32d83670851bd3e6f61af1ccf,0x4a986245dc8381a46813a01527af3cc7633105df,0.06,1,1,0,0.0050,4.13,0.0207,0.0000,1788711059,1788711155
HFG,High Frequency Gambler ,0x06f19c3880d9912130fc10354652c5c3ff6d7518,0x4eb2cae7f92ee60d3c06f08625b3ae34fe457e06806f14a82cd0218f119e3ec7,0x17a2eecd3ee3462b94954bf46f38b78d18273973,0.04,2,2,0,0.0040,2.92,0.0147,0.0000,1789341467,1789342655
China,China,0x6c0266d86ab969e01b0c15ae13a1c8c35c5a24a0,0x215f897fd9f44af3ed0acd185791d7003026acbc8cf8ca8af3a92ba055b0f124,0xaf959f71fa42b4f6cccbdf1e348be857eacfb71b,0.00,2,1,1,0.0010,0.00,0.0070,0.0000,1787116847,1787117423
FREEDOM,罗宾汉,0x60f3f29223d6554fc8254824710cc945582662a3,0xf34d2a567fb97e8af90388dc543991df7d48749b9c308ffe7fd5d51b2997bda3,0xddf8b18404fabae7bf6e30c2c74c9c1fe77d9cda,0.01,1,1,0,0.0010,0.96,0.0048,0.0000,1788808691,1788808787
DAOs,Decentralized Agentic Organizations,0x966172a4ff0bd37ac1967559a8ebd8ec5597ea69,0x39db1519bac17cce14e44b00e155854d12380c92d3f810187e8e9251e722faea,0x6ab1ac5c79193579ad7365b1f852c12ef45bd921,0.02,1,1,0,0.0010,1.54,0.0078,0.0000,1787150315,1787150807
RCKMTL,rckmtl,0xb7ef5826ba5c7b8343730f9fa6cc711e5969f0c7,0x0892d9b8b46b4038a9222988a8fcd11f829af0790a428ed696cd79682315d419,0xa4ad5765f70cb2349bf674271c0fbeb9f4375717,0.01,1,1,0,0.0005,0.34,0.0017,0.0000,1788473675,1788473795
PEPES,pepes help pepes,0x6ff4ee2c917f62d65915ccc6f29e05996c47eeea,0xbd6aba712c4e28317d24f0b14ff8cb1bc84dfca542f4a5e4fc9dc4ef0e0759a5,0x4a86bf18bfa222665e1c0a5f2054f65c59f86537,0.01,1,1,0,0.0005,0.42,0.0021,0.0000,1789291247,1789291475
K-256,Keccak-256 IP Core,0xb0ac4eaaf563b6b7128d3b1230388bf39c3ff4c6,0xc9f8b474351ca57ff16cba863eed2aef4328d396efa5a40f1d5b0e3cf218bbd8,0x28a0b8ca715ecb95fc7589544e0679593c33e8e4,0.00,1,1,0,0.0001,0.19,0.0010,0.0000,1787193755,1787193779
IMCAT,IMCAT,0x43c76f2b24488a73f20fdc451c5e9fed70e5f274,0x1afc4e4f70252bc12dfcb9db46f49ce3367ce13aba07ac7a74417a965dc90dac,0x8d3da90fb9dfd5c928a5b3ca00d8db3a5150b119,0.00,1,1,0,0.0000,0.00,0.0000,0.0000,1787115659,1787116043
COIN,Coin,0xa67ef3423846b997d2537be8bb93275607fb48b6,0xd6079822ce7f7da9f268fa27d40444715e76efc284d451ec81ae6acecf56f39e,0xb3623d62ff30fadb5b2e127c07cab0d1b0808276,0.00,0,0,0,0.0000,0.00,0.0000,0.0000,1789315907,
REGTEST,Registry Test,0x2b1eae5db2229c524c0acf89af31316d3028a080,0x9424fe20b7af52a26e0a4ac2578178c6a0103afbd0bbf033b8b6858e6c9807ee,0xddc7fd6f25ff0cb42d2225f67c3274f16352f1c5,0.00,0,0,0,0.0000,0.00,0.0000,0.0000,1788909191,
$BLDV,$BuilderVaults                      ,0x585d01ca29994c83349de0d6941e8d50843323dd,0xdde9207e73b99b57919cd96445c93531dfcf655004cfb7dc9805c6cd910b4b4e,0x5051ae5167b315b37de54bbfafd772db81043b9c,0.00,0,0,0,0.0000,0.00,0.0000,0.0000,1788885359,
$BLDV,$BuilderVaults                      ,0x71313efe5e83940d47d4e56ece1264fd965b5d96,0xa05ef2e0fb284cf0ae3fcc6aa78d6a297175bf551be62a89679ce10d1d2927ab,0x5051ae5167b315b37de54bbfafd772db81043b9c,0.00,0,0,0,0.0000,0.00,0.0000,0.0000,1788885287,
FREEDOM,罗宾汉,0x4847d49ab63053e4809a39d572c1563f5b59c802,0x9d25c38d283d69fe47297ad904c3207080795888a9559cbf14546c59688ebccc,0xddf8b18404fabae7bf6e30c2c74c9c1fe77d9cda,0.00,0,0,0,0.0000,0.00,0.0000,0.0000,1788808679,
DEGEN FUTARCHY,Degen Futarchy,0xa926b80f9e096b812e55f488f9b873de85ce18e9,0x86fd3c5097ab20a57ce696f6ef404a82df0c5241b306ae2b337efbee63570704,0x7a28dbb2e71b4eb7ed47dcfaa0b689fc6c3283ae,0.00,0,0,0,0.0000,0.00,0.0000,0.0000,1788724427,
COIN,Coin,0xded5a1985a27bd9ae0b0827910aaa0ac3115a45b,0x2763e5b7055ab04231f3e736095bece9bf024366e0daa769695042eff8f3727e,0xb6d6eb891fd235daa7870414fd0c2b031989bbc7,0.00,0,0,0,0.0000,0.00,0.0000,0.0000,1788495911,
COIN,Coin,0xe03873f803e2387fb904b2ce3133bd76b3ec5d8b,0xc4e43f11f68477d6d7f732b6155e09408b481258da6f7fb2bc85a67e3bb1a4d7,0x258c19d5e104d19e1f68c9ee22ad28b4c1a36fee,0.00,0,0,0,0.0000,0.00,0.0000,0.0000,1788459803,
ill23,ill23,0x8ddb55987e6cb7c8e89a19df11e9977e80d594e0,0xc6e12927efee7bab89af6ef1fa012f40f0214f0be2b86ec94524e4c0b409a304,0x797a824b3342a73588583cdd8aa070f67e1a4088,0.00,0,0,0,0.0000,0.00,0.0000,0.0000,1788396803,
PYCR,PAYCORE,0x3f1b0820985cf0f21e3644035e983e22dfa5d6c6,0xa1a5118cd4d2f4ba8ec9ea168b453f14018fddd76237d4c89e9a617a31dfb76a,0x28a0b8ca715ecb95fc7589544e0679593c33e8e4,0.00,0,0,0,0.0000,0.00,0.0000,0.0000,1787193827,
TCC,The chose coin,0x38e52c954901a77a8cb8320809d535b45042f733,0x423f63896d0fb07f42c4cc8f5c71312c3142c9da1660a2062401da0776f5531f,0x28a0b8ca715ecb95fc7589544e0679593c33e8e4,0.00,0,0,0,0.0000,0.00,0.0000,0.0000,1787193659,
ZALUPA,NEW ADAM PROJECT,0xb3d94d7ca4bf77c495afdb69aaa1fbb54153363e,0xf8109bd66e41171e0fb06b637f120d7f90233db18386773198131f28826c6f29,0xef1d8890ccc65124b281420763899626f108f9e8,0.00,0,0,0,0.0000,0.00,0.0000,0.0000,1787160131,
COIN,Bitcoin,0xfee3b83280a680a8a6c1bf68ab1e367b5eb4676e,0x2e2e0171360822a3f0684ebe68efcfe2c5335a13201587b91042a85760c3535d,0xb7d2cbcd4239d8987263c036d4762c3327e94c43,0.00,0,0,0,0.0000,0.00,0.0000,0.0000,1787149103,
COIN,Coin,0xc0bd32eca5b0d49b56ea05d355937182e27cb766,0x579dfbde03e62c7717870e7010fb5b3ce4cb47a90d9259cee6c66fbdc508dd68,0xa10d883d393bdc301059dbe964fa8300208b0999,0.00,0,0,0,0.0000,0.00,0.0000,0.0000,1787132555,
COIN,Coin,0xd9b6f7c79e6d26ca85db4e047d0ec276d04bacbf,0xe254b14225d8310f2748f21d040d8fb7539a1eb6da539cbc067ab7997d85f578,0xa10d883d393bdc301059dbe964fa8300208b0999,0.00,0,0,0,0.0000,0.00,0.0000,0.0000,1787132423,
COIN,Coin,0xa6397f38430e9ed5bbd9822471638d02c40e4252,0x0b8ad55ad7642e400d10e5a85094c06eba24c34237d32cb561dfb49f624be1c5,0xa175d3249b28c7b6b5ac2cd1c020961f836f47c9,0.00,0,0,0,0.0000,0.00,0.0000,0.0000,1787131943,
COIN,Coin,0x5276970f94fc4c32b46cf45b864d1b4f55a5a3b7,0x658750a76e264cfa21bae3e5b1884b429985c5b36ed74e4f328f14282c6ca049,0xcd6f1bccad0f75e6c63218a7e80196bd40675eb8,0.00,0,0,0,0.0000,0.00,0.0000,0.0000,1787126351,
PIMD,Proven Identity,0x6de3fb4e27b44f0d795229e1de4e67ee7b4fdf5b,0x75f330d53483afb4ba6ccde86539cd6f29968e4a368a216dd1ea2117d351e4aa,0x7821f1d95173f214f0ef23069f3a95a29de3f311,0.00,0,0,0,0.0000,0.00,0.0000,0.0000,1787125619,
i love you,there is no meme,0x6b655782f66b6c4184262f5f93eb1acab9116bb1,0xd7617b013ca9cd2e52807070e67848870708fbae900614e3e32f8e990b66f6df,0x245673b7bfd652982be6f3cb9a6cb52e65086e5f,0.00,0,0,0,0.0000,0.00,0.0000,0.0000,1787121935,
PLUMBER,Plumber https://x.com/surfcoderepeat/status/2088622333078474880?s=46,0x2edf291ac3b866f8ebf3ac5ad5f0889283140810,0x26dc336e5d7a994c42b0f827b65b707662ee208114c245af5dbe010e022ce20a,0xb22c43de834598ec7eff4b354960352028c214af,0.00,0,0,0,0.0000,0.00,0.0000,0.0000,1787120423,
bayc,bored ape yatch club,0x17c7fafb2e252f9d5d04330c5937f5000010e0ef,0x629ad89e41e9206e6e8c408107eda8b10efbb01999c9c53403d77964b7a84110,0x50d68b489ea3c02dda36f357ed58770bec77f7ad,0.00,0,0,0,0.0000,0.00,0.0000,0.0000,1787118119,
MIND,MONEYONMYMIND,0xa221f357f9f1653115ab337f8ebffb74d0865930,0x73bef64babb43d39d1561b225fe23e851542a728b91c0f7f77700dff0e1e9f0e,0xb966968d6c58a04cae205cdd18c3800c46caa87a,0.00,0,0,0,0.0000,0.00,0.0000,0.0000,1787117567,
One,One,0xcc70311cc3d0f8c48101c4971dde096e1e7ec341,0xeafb9e8b08f38f7e863f7f0a87144da98b55b3016edbcc13491ec7f0048ed609,0xb403f53ee827030a8963ce363477e4ea98b2f679,0.00,0,0,0,0.0000,0.00,0.0000,0.0000,1787117087,
1Bill,IMD 1Bill is testnet token from Adam 0x87527035d8c6e38526b9e10439338d861b3fe3437cac8e77987de78d54758a03,0x7d89a957a550a54aeb00be3dba069125e14f3531,0x2aee08525e37d4e7d2eabe3702c4937c34a8eef367aa9c48b324406dd4b1438f,0xb22c43de834598ec7eff4b354960352028c214af,0.00,0,0,0,0.0000,0.00,0.0000,0.0000,1787116967,
IMGROK,IMGROK,0xdc3f4f81baa9cddb0ae01b02cb5d325a5a854f4f,0x9d19505a1bc55778666dcf1f0e86e201c7093e7633e8de629e0bda53eebe7a46,0x8d3da90fb9dfd5c928a5b3ca00d8db3a5150b119,0.00,0,0,0,0.0000,0.00,0.0000,0.0000,1787115815,
1billion,1 billion 0 people,0x583b609ee31e301cc0dcecac858083c05d4203bb,0xfb67d6e42fdc61719bf6e90793da3a84d29914a4908724d52f96fa60ab589da1,0x29c58ea922badad0c9bd61e6420dca11dec3a23a,0.00,0,0,0,0.0000,0.00,0.0000,0.0000,1787115635,
COIN,Coin,0x9ce50abf212053cb41a0af1d12c8db532511cd8c,0xf93a58a9bfec43064aa2aa84c14b66f22cabb481a65067cbc5018dbcace41946,0x368877976f012019125ee1dc7f18ad11cd900123,0.00,0,0,0,0.0000,0.00,0.0000,0.0000,1787115491,
ANSEM,$Ansem on Identity ,0x6269ff2ec67c86285cb4c5ab4614530a06d399a8,0x21c936c61170047176d528759fe95482ebd3f5d6ef24670cb5454e1ca7d29ad3,0xb22c43de834598ec7eff4b354960352028c214af,0.00,0,0,0,0.0000,0.00,0.0000,0.0000,1787115251,
FORK,FORKCOIN,0x1b42a7c6e9290094f5c2f89bee372ec83f3e62d8,0x6b6f029b30c13d10d517ad59e7d1f61f580445f54bbad0c37e56864d7d5cf322,0x365f6bc10224ab1dd38fde4a8ef15c0ac66070ea,0.00,0,0,0,0.0000,0.00,0.0000,0.0000,1787115059,
CAT,CAT,0xd5bd7d2a3671afa14bd0652709c42e797b9d6e6c,0xbdae9e3d0cd4f544565216220d5353e85110418e6184a56c9f873fa97af5fbbc,0x365f6bc10224ab1dd38fde4a8ef15c0ac66070ea,0.00,0,0,0,0.0000,0.00,0.0000,0.0000,1787115023,
PEPEAI,Pepe armed with AI,0x12fb8468b4ccb995cd719feab7ab4d861a781676,0xbf15adb956ffe6c3361625aaeb778118fbf77b2cf9ef5e5b5af5350ebf3c2664,0xb22c43de834598ec7eff4b354960352028c214af,0.00,0,0,0,0.0000,0.00,0.0000,0.0000,1787114687,
TIDE,Rising Tide,0x677bf1ad1ed7fad96e72458f8730d2c805a69604,0xea1904e6acb19ea88ba36e467665063bbec101ac40ba95fb2116e5e7c8c5eb6c,0xe003eefc93af2ee46eff1364f66cfda69112df9d,0.00,0,0,0,0.0000,0.00,0.0000,0.0000,1787114651,
PIN,Meltpin,0x611eb8f377f4f04db06e874a79c0077454e37eb8,0xc225fbdc0a8471a0c08c61c3fe72ef667fe04c6e1ff5b7531be2f86d98af0b15,0xb5521a923e0ae9534a471c51881ec8bbaa511d3e,0.00,0,0,0,0.0000,0.00,0.0000,0.0000,1787114627,
LEADER,Pack Leader,0x4cfc1f074725b2e6e68b3316bd7d3740cf5e0e5a,0x29b9f0861be4be379d3236fe7b5af4e4cf1b36a28a1a02b3c3bcb3b780dd5332,0x365f6bc10224ab1dd38fde4a8ef15c0ac66070ea,0.00,0,0,0,0.0000,0.00,0.0000,0.0000,1787113979,
CAPTAIN,The Captain,0xc96aee3f03f71daad53fb349632df7b4bd04b2e5,0x0800f4d1bc5ba9db7394ae91378ff4808e7f6f9a9c603fab4fa1d3c7a74bb16d,0x365f6bc10224ab1dd38fde4a8ef15c0ac66070ea,0.00,0,0,0,0.0000,0.00,0.0000,0.0000,1787113967,
LOCOMOTIVE,Locomotive,0x9d7f65e19c1e54bb7ffcfdcd31ca316685f194bb,0x0f112df14071efa27df3ca88918e8d3a26275bf961624f25395dc44dbe4ae1bd,0x365f6bc10224ab1dd38fde4a8ef15c0ac66070ea,0.00,0,0,0,0.0000,0.00,0.0000,0.0000,1787113931,
INDEX,Index Coin,0xf418fad9688742e86baf5aa13efc92861dd505fb,0x4f7b951bc18a6f999ef8488859017ff2506a5fdeee7ec3c681a216abe66f58b7,0x365f6bc10224ab1dd38fde4a8ef15c0ac66070ea,0.00,0,0,0,0.0000,0.00,0.0000,0.0000,1787113883,
FLYWHEEL,Flywheel,0x56cdc093d06e5ea50f5303880d828d4db393d63e,0x1230ac59108651de6bdee9bf90bcf3b0bb6051ca81a985a11e9e4d5dd1c98412,0x365f6bc10224ab1dd38fde4a8ef15c0ac66070ea,0.00,0,0,0,0.0000,0.00,0.0000,0.0000,1787113871,
GRAVITY,Gravity coin,0xca521f925a98c95881e4021baba9a165d0be36bc,0xca28389bcfd78677ddf33234f47e8f84d555b894639ff6d8dace093672220542,0x365f6bc10224ab1dd38fde4a8ef15c0ac66070ea,0.00,0,0,0,0.0000,0.00,0.0000,0.0000,1787113823,
RNR,Run n Rug,0x554a3aebfe6e000d9f99e707cc2202f645b18835,0x29726bfe9ead1d2de431c27a54085e35d92bd9e69bc559d19d45686296171165,0x9f9d1059eee152dc3c8b2d442ae3f1d36e19d311,0.00,0,0,0,0.0000,0.00,0.0000,0.0000,1787113823,
SHEPHERD,The Shepherd,0x7213dc553b310ddf11e4f3c09c001ac752f040f3,0xefcd2e356b589bf1f528333dd5f4bf56413b0f6628351bdeb9c20a28ccc3850b,0x365f6bc10224ab1dd38fde4a8ef15c0ac66070ea,0.00,0,0,0,0.0000,0.00,0.0000,0.0000,1787113787,
LEADER,The Leader,0x76634842ec6b396d1f71e78ac037b2c2760763f5,0x16f7261438dfe13975eea43625d37dd285e8599ee8d63c079447ee22ad20b9ba,0x365f6bc10224ab1dd38fde4a8ef15c0ac66070ea,0.00,0,0,0,0.0000,0.00,0.0000,0.0000,1787113763,
⧄,⧄,0x8fc19be9c6c6394b616fd201fd13a17b3a94eeef,0xa60466a9ace47d3a1ea3496db6bb429a76a06d1afe4efc7855ccf1349169994a,0x70ab92f4dbff5270830e61bf8358a64614a01817,0.00,0,0,0,0.0000,0.00,0.0000,0.0000,1787113523,
COIN,Coin,0xf6ae18953293daf17f4b07ce13e9378ba55eba3d,0x7d81ae78ce643d9d66acb793891356c99c543f8ca1797b5d2901cb828f7f8ea5,0xa175d3249b28c7b6b5ac2cd1c020961f836f47c9,0.00,0,0,0,0.0000,0.00,0.0000,0.0000,1787113499,
IMDCAT,IMDCAT,0xb89ef16e614cea2d416aea265cc99b22c6610b09,0xf167119670db8386eead6dbbf3b2f9e75eefdd38725db09706ba083ded19b1eb,0xdb84b1484767dff6f93346b6583d63204a4d7504,0.00,0,0,0,0.0000,0.00,0.0000,0.0000,1787113199,
README,README.md,0x416111aeff600b30a6e461842139f3b1a3855527,0x1b6ac4dd5c85a1f2fd088b8d6c511e9a59cf80644983766597c2fd57d167dd39,0xc0596f75016ee2a9c569814d1542d9db859922e7,0.00,0,0,0,0.0000,0.00,0.0000,0.0000,1787112935,
README,README.md,0xe0e130bba8e86b4c4301df5cf8b12b6d67619dd3,0xe82fd7914d6922a60819a5f7db29b82f43f2a161620aca30fb982362f261a78a,0xc0596f75016ee2a9c569814d1542d9db859922e7,0.00,0,0,0,0.0000,0.00,0.0000,0.0000,1787112863,
BURN,BURN FP,0xb51b9c7981ce2ec23a4775e7d4bbe188393794b2,0xa248e4d14df42033462715393246a676a162a1ba83dde71919c112455c862c4c,0xda5964ee61e9a764b3e5e25059f8275ae8c2d492,0.00,0,0,0,0.0000,0.00,0.0000,0.0000,1787112599,
COIN,Coin,0x310834115d4a2cc625fde879e7e0484cdf9860eb,0x802d6d3e27f558e0b776a60c1cc1258df0c80954c41efd56e21057c5a66217b7,0xc5e5f14434781d56fd83555cac0fd9585670d92e,0.00,0,0,0,0.0000,0.00,0.0000,0.0000,1787112371,
FTDVDIMD,First Token Deployed Via Discord On /imd,0xeed30fe1108f445b31ef3eaebd8511b660854f48,0x2071fc7352d6a5871c47cf97acef6e695863050e6eabd31f2aea55cda8dd9ff9,0xda5964ee61e9a764b3e5e25059f8275ae8c2d492,0.00,0,0,0,0.0000,0.00,0.0000,0.0000,1787111927,
COIN,Coin,0x139882a512587ba240a00500ccea2ccc8f3e6a82,0x2e15d68d3e0913860b26ff25b07f11cbab285ce85f55ac74b316e8936a5ed897,0x5912f93d84371f24b79b899b291aee9c46beb05e,0.00,0,0,0,0.0000,0.00,0.0000,0.0000,1787111891,
COIN,unicorn,0xca61ecdf279f4576962caba9aa72cb9441fa9c61,0x4f9045fcae41d3692b47aa2a3a4469d864fc5ff7797834f3de2196fc52fb708e,0x8ca04cfea199bc6ad6fe76525725b31446fae5e8,0.00,0,0,0,0.0000,0.00,0.0000,0.0000,1787111855,
COIN,Coin,0x13e3a23ac2c8c93f532a1c05b9017e5bd78b68aa,0x94f3714aeeea51e4c5c925ebebbf41f60b7ca8d081fd4f05d7cd94540532ab1e,0x8ca04cfea199bc6ad6fe76525725b31446fae5e8,0.00,0,0,0,0.0000,0.00,0.0000,0.0000,1787111819,
COIN,Coin,0xbb3f2fb446d8edd3899d8e0f0b4bbe9fd7ccf384,0x2bd6f6d5e805309c5af9163213ab5b24a4b05026fa094a860af94a151f74baf4,0xb823dd32ed3382da90cdb59173b1268414ae8dfb,0.00,0,0,0,0.0000,0.00,0.0000,0.0000,1787111363,
PoN,Proof of Nothing,0x715b7294a77ebdb4c43ae054d902fa40cab2f4b0,0x5ea4104990091c6e75cfb7cee7aa4e881ca5436a0fd13bbf73e0c5bc378c4415,0xe0e4cba1f6d9aeffe30189c124f39fd3d131093d,0.00,0,0,0,0.0000,0.00,0.0000,0.0000,1787111183,
poC,Proof of Community,0xf6bf5a4fd36efb9779f5315c67a826174d346436,0x3a1e95501dc06ab45de5d64e9634885e53a8d671055c6bdd0469e61534a39a6a,0xe0e4cba1f6d9aeffe30189c124f39fd3d131093d,0.00,0,0,0,0.0000,0.00,0.0000,0.0000,1787111159,
Identity,Identity,0x05363f62600c7b130f9730e6fada68fe1158e2b7,0xa80343f7d4ac726e92868411e69904be0b9832328cebe6c988d6c03fced972c0,0xe28601398a5448d1147e6e8b0e0c6d686f0d216d,0.00,0,0,0,0.0000,0.00,0.0000,0.0000,1787111003,
ClockedCoin,ClockedCoin,0x10f612920d25969a6342cd0dca234f31b2507db2,0xbae99e82674157894a9759593c59348662987eef3cfae7555b0b7859ae3a077f,0xda5964ee61e9a764b3e5e25059f8275ae8c2d492,0.00,0,0,0,0.0000,0.00,0.0000,0.0000,1787110643,
PEPE,Pepe,0xf8d558bfa9d56dda0444f0e7a480b931f8fd229d,0x904dcb18c261a51b1df16bad9f954707fa93e7153c9766c740226cb03a3978f9,0x18324fc5cfb71d823c4e08992a2b1392d5861f72,0.00,0,0,0,0.0000,0.00,0.0000,0.0000,1787110319,
Test,Test coin,0x5c2a2f94000b0527c0c9d2eb87b21e04525db633,0x315be00ff9d60cd0fd98b667104416eb09a601fb3775c6bac8f6a32a5b9fde71,0xc5a6bd7693e41b33f7f6fd6de3d82bd8b124ad8d,0.00,0,0,0,0.0000,0.00,0.0000,0.0000,1787110319,
ANSEM,ANSEM,0x4b274594b6721d4934d7a589085eb75d1fa4f997,0xb95c7f8092cbe050b7b4919150c530fb77884579197d271a4648196a0a692cd9,0x433c8a73bec1273561e4e2201649de12f20b7d58,0.00,0,0,0,0.0000,0.00,0.0000,0.0000,1787110211,
Pepesea,Pepesea,0x20bd3ff6b36b6b3c60eedea0859eccd3ab167921,0x0a0d0a9e3ce9ee927a8c6c79928508f3c21614d6d04fb9722b3337e68318d3e1,0xc5a6bd7693e41b33f7f6fd6de3d82bd8b124ad8d,0.00,0,0,0,0.0000,0.00,0.0000,0.0000,1787110211,
J,A,0xee14fb974a69aecacc8084c12783cb8aad6637f3,0x544c394daa097ff4736529b89a36c212e01e63dd75b6426bdec992047689e03f,0x13a8147e3f5c2da365556bf7e2431d45efa074c9,0.00,0,0,0,0.0000,0.00,0.0000,0.0000,1787110079,
👑👑👑,The King,0x77b4c45335adaeefcfb707c69d47435204c4e664,0x28c6ea121cbde4d6c0aad727e39554aab4bacf9aff4aeeca6016428c0eea06f1,0xc5a6bd7693e41b33f7f6fd6de3d82bd8b124ad8d,0.00,0,0,0,0.0000,0.00,0.0000,0.0000,1787110031,
COIN,Coin,0xa3b88509f466ecd6397e4d9d963afeba7a08fc95,0xffcef02054f679468c739fb48ca316c3eac60251a700abe4a375bfb02bfc2700,0x13a8147e3f5c2da365556bf7e2431d45efa074c9,0.00,0,0,0,0.0000,0.00,0.0000,0.0000,1787109995,
CommunityCoin,Community Coin,0xa580ae591f1f33b86a6be6592345c3fa3da92ea9,0x7a3e26fa235a14d2d8cecabc72cf71bb8c378539e4c3c1c037a83c491fbda91d,0x7f77f1fa835e8c163efe34d320e82e30310b3c45,0.00,0,0,0,0.0000,0.00,0.0000,0.0000,1787109923,
FREN,FREN,0xa757a226979869b720166ee49d174e8e18d91ec8,0xb87f1800daa300c857c8f4c64f3d679edc71bc2de6af56d2f2235d1d663e9594,0x7f77f1fa835e8c163efe34d320e82e30310b3c45,0.00,0,0,0,0.0000,0.00,0.0000,0.0000,1787109863,
OTL,One Token Launchpad,0xb6cc399a0d3d3170a1c3316aba2c024e7fa0dc6c,0xf1c60bb1b7a1d7304dfaf880949fbbc955904eb56879115abd75ad127cceda51,0x9ec47661d8b3544ace1a087d7798b63074d9354d,0.00,0,0,0,0.0000,0.00,0.0000,0.0000,1787109671,
HOBBES,HOBBES,0x0dd3b6c72e3a16de89e033f833067c2da2ccb7e7,0xe17ff795e59e6e9b79f22f3288abba09d6e7cdb4ac45d20a15812de02df31770,0xe28601398a5448d1147e6e8b0e0c6d686f0d216d,0.00,0,0,0,0.0000,0.00,0.0000,0.0000,1787109635,
6909,6909,0x2ce5a4e185377898887392862d0c357f95b9e7c7,0x49cc041f3a2d297b1eaecb59a17f7c233802836136165272e05db385705afcd5,0x2ec43e6f78cd561e87f0de3c24d24e11575634d3,0.00,0,0,0,0.0000,0.00,0.0000,0.0000,1787109323,
6909,6909,0xf81b5bf3f74228d0478cc15c12716a0f353f7ed4,0x93b747ff2626cd25d2c10ea2fb7ee9a6b79e013cfd096f1527b278021ef35410,0x2ec43e6f78cd561e87f0de3c24d24e11575634d3,0.00,0,0,0,0.0000,0.00,0.0000,0.0000,1787109299,
good,mycoin,0xe01c5bfad9dd8008e50484b33bfb0f341bef0671,0xcd0927803e0e6533d77edfcc4f64ad62d7c12672bd3d3a2681306f71e28cbc5c,0x7f77f1fa835e8c163efe34d320e82e30310b3c45,0.00,0,0,0,0.0000,0.00,0.0000,0.0000,1787108927,
COIN,0x84b8ae41596cdf8bb7dfeb4eda432a8d816f0724,0x6e4edaa1be21ca39e2275478712c41f2513a7ace,0xb2423c204267ac81abab9ecb725164ea7a489948e0a72c9dbae25ef55cca0ad9,0x9c5b24295ad286730153a9decd5b20f1961f54b6,0.00,0,0,0,0.0000,0.00,0.0000,0.0000,1787108867,
Community,Community Coin,0x117f307db58ed335fac1a1f03799f3115f349c21,0x1acbe8a2186bc456b803e46da975e26be69721cb98174c6b4202abe37fc92e31,0x7f77f1fa835e8c163efe34d320e82e30310b3c45,0.00,0,0,0,0.0000,0.00,0.0000,0.0000,1787108843,
COIN,Community Coin,0x626d50369d75c7e2bed9166531d1480328509320,0xedea61263089611074512b6f7600e50861f4229d9aacabc37c13fea7db6a691f,0x7f77f1fa835e8c163efe34d320e82e30310b3c45,0.00,0,0,0,0.0000,0.00,0.0000,0.0000,1787108819,
CC,Community Coin,0x685255c9700862dcbb30f635dfd33e476d9aebb8,0x146dd53ff68a6a16c2f43a282f93e33664c7f01635353f2c19ff8cc3455695f5,0x7f77f1fa835e8c163efe34d320e82e30310b3c45,0.00,0,0,0,0.0000,0.00,0.0000,0.0000,1787108807,
6909,6909,0xdfa3d71ed1d3a90fe2774a70c7c23bdf8403296a,0x1f22a05d717d441687976f89c4a70ee212a8871d054fda0d8713bc3f76794b1a,0x70ab92f4dbff5270830e61bf8358a64614a01817,0.00,0,0,0,0.0000,0.00,0.0000,0.0000,1787108771,
Community,Community,0x281f62666f614f7dc6cac5bfc168d211aff7c9ee,0xfd720814a8091ad1a6afac65a98359e56d32542a8429ce8979db1a8ac0d62635,0x7f77f1fa835e8c163efe34d320e82e30310b3c45,0.00,0,0,0,0.0000,0.00,0.0000,0.0000,1787108759,
CatCoin,CatCoin,0x27be9ef6f6e82503a6d636b2129b3deaa211a9bd,0xf4f570df2eda75b7734501e2675d6b3928978211481f9e9a84b82ee2bbdab8a8,0x7f77f1fa835e8c163efe34d320e82e30310b3c45,0.00,0,0,0,0.0000,0.00,0.0000,0.0000,1787108735,
DogCoin,DogCoin,0x79bef1cd6da1ce515b86c6de371d699e918e5546,0xe5423a6cc130119afd3e0043b2115962824b39275d5e9eab5a3bca3f55d25baf,0x7f77f1fa835e8c163efe34d320e82e30310b3c45,0.00,0,0,0,0.0000,0.00,0.0000,0.0000,1787108723,
DogPet,DogPet,0xb4c62d6dbe97efc700e54d9f6c832039d2d7c57b,0xa148e8b0f72f41986152d067353dfe80ff5e4b64c520a83f57f98136448bcf88,0x7f77f1fa835e8c163efe34d320e82e30310b3c45,0.00,0,0,0,0.0000,0.00,0.0000,0.0000,1787108603,
CatPet,CatPet,0xb4677aa97cc7d377e5e22fa1503e7af5b4ff346c,0x0ba29b65850b240057419eb457e1f4828d1510b20040e926c7376b6e7ff22952,0x7f77f1fa835e8c163efe34d320e82e30310b3c45,0.00,0,0,0,0.0000,0.00,0.0000,0.0000,1787108579,
PetFi,PetFi,0xb0301cc8ef904773712b519c8fe0e2a30e2c18c2,0x43871fa206fc69a687cfe89d9c0703254ff0f39789d27d3552459971259b4c89,0x7f77f1fa835e8c163efe34d320e82e30310b3c45,0.00,0,0,0,0.0000,0.00,0.0000,0.0000,1787108543,
MILADY,MILADY,0xf2cf10aca6f6a5c70faaeb640927a7e4218bd975,0xd5058b3ab79baef1274dff4bcda48222c1c5308c4e243eb28bfe8869c08c969f,0xe0e4cba1f6d9aeffe30189c124f39fd3d131093d,0.00,0,0,0,0.0000,0.00,0.0000,0.0000,1787108519,
CULT,Milady Cult Coin,0x8de0b24979bd2733452aed6c650a1ac368b91500,0x4b6f62915aae5c053d589d042c24fec095e535d659ec10e24b493969e2cd8c51,0xe0e4cba1f6d9aeffe30189c124f39fd3d131093d,0.00,0,0,0,0.0000,0.00,0.0000,0.0000,1787108495,
Adam,surfcoderepeat,0x4642bfa50cd70aae25c98a8071de4f87d49c6756,0xcfe305a60b6ee88e1ff57f2e923fa2d4c898aefb0da784069dab90993e697f1a,0x70ab92f4dbff5270830e61bf8358a64614a01817,0.00,0,0,0,0.0000,0.00,0.0000,0.0000,1787108495,
Stonks,Stonks,0xefc66e0ff38b23bc56d30d5f7d28c31d714eaf0e,0x8e00e467d23ab2d32439bb8cef64e43ac973c59af28ffdb4df870c62cab1323e,0x70ab92f4dbff5270830e61bf8358a64614a01817,0.00,0,0,0,0.0000,0.00,0.0000,0.0000,1787108411,
VITALIK,Coin,0xdddbfa05cd3bc04f3a67c1c3242402dc8f8f0e54,0xcab796702c584a523e16d146a4ff3f5cbb0b69d461cf04892772461a8697845e,0xbdce0d96f3dcdce9ff12d6ee9b14189528d61b1a,0.00,0,0,0,0.0000,0.00,0.0000,0.0000,1787107691,
COIN,Coin,0x9780a67cd43fa24e39d3024d9c1a733ed5396799,0xfa9d20f288756679dfd40194223870e78a87f43aa8981cb620a3cc38be102022,0x86bc9f26fa0de9deb386eed5ac2134160141c099,0.00,0,0,0,0.0000,0.00,0.0000,0.0000,1787107499,
coinmunity,communitycoins,0xff764bf04291dbb7aeb99774a7532fb7dcf17309,0x9576c307e587f992bc3624772b3212a6e0c0a80971b867e6ee9c42e23d270e93,0xf10fc94e0710d19e434f0f809f4e6b0f413852c3,0.00,0,0,0,0.0000,0.00,0.0000,0.0000,1787107439,
COIN,Coin,0x589bd1a7f83992fe9cf1ff8889a5cdfcf964e21c,0xa45fa32f395d9f08f660308af9f4886edda83b10102ea2c7a2d808e163169463,0x371903abb32f5f69b536b77495e92adedfea25da,0.00,0,0,0,0.0000,0.00,0.0000,0.0000,1787107427,
Italik,Italik,0x2c370f42cfe7150e375f268a0b13dc14e5d497de,0x2c85441f6767591181ebac42735e870475b2cabe6f5a17b146951c05fac8a698,0x63608970d148491dd494b2529c3cd233eb955229,0.00,0,0,0,0.0000,0.00,0.0000,0.0000,1787107319,
COIN,Coin,0x6f6dc2c73e4ab75f6df32b987a2e48d5f80554ae,0x1a95da6b4f1b60d436900f223a162010e47bf2b39e38a8995946a898a2a265fe,0x39468666e17cba04d7bd9dce321baec348b9709f,0.00,0,0,0,0.0000,0.00,0.0000,0.0000,1787107295,
